Date,Open,High,Low,Close,Shares Traded,Turnover (â‚¹ Cr),Daily Return
2023-03-21,17060.4,17127.7,17016.0,17107.5,246737873.0,22039.11,0.007010666101575191
2023-03-22,17177.45,17207.25,17107.85,17151.9,185700457.0,15712.0,0.0025953529153881494
2023-03-23,17097.4,17205.4,17045.3,17076.9,219171517.0,19676.97,-0.0043726934042293
2023-03-24,17076.2,17109.45,16917.35,16945.05,228038299.0,19019.88,-0.007720956379670962
2023-03-27,16984.3,17091.0,16918.55,16985.7,218418670.0,18466.56,0.0023989306611666983
2023-03-28,17031.75,17061.75,16913.75,16951.7,238840919.0,20942.5,-0.0020016837692883316
2023-03-29,16977.3,17126.15,16940.6,17080.7,345911087.0,27261.74,0.0076098562386073265
2023-03-31,17210.35,17381.6,17204.65,17359.75,263889033.0,24970.98,0.016337152458622883
2023-04-03,17427.95,17428.05,17312.75,17398.05,230170687.0,20359.58,0.0022062529702329137
2023-04-05,17422.3,17570.55,17402.7,17557.05,248345193.0,23911.75,0.009138955227740997
2023-04-06,17533.85,17638.7,17502.85,17599.15,242708337.0,23543.21,0.002397897141034555
2023-04-10,17634.9,17694.1,17597.95,17624.05,254819382.0,21092.06,0.0014148410576646508
2023-04-11,17704.8,17748.75,17655.15,17722.3,304263454.0,25841.64,0.005574768569085897
2023-04-12,17759.55,17825.75,17717.25,17812.4,232816318.0,22851.93,0.005083990227002344
2023-04-13,17807.3,17842.15,17729.65,17828.0,285764798.0,26460.2,0.0008757943904245113
2023-04-17,17863.0,17863.0,17574.05,17706.85,357401212.0,35118.57,-0.006795490240071866
2023-04-18,17766.6,17766.6,17610.2,17660.15,258856690.0,23032.99,-0.0026373973914048943
2023-04-19,17653.35,17666.15,17579.85,17618.75,281463379.0,21562.08,-0.002344260949086019
2023-04-20,17638.6,17684.45,17584.35,17624.45,215103396.0,19457.45,0.000323518978361248
2023-04-21,17639.75,17663.2,17553.95,17624.05,230156645.0,19091.44,-2.2695743697065396e-05
2023-04-24,17707.55,17754.5,17612.5,17743.4,255740393.0,23142.94,0.006771996221073051
2023-04-25,17761.55,17807.45,17716.85,17769.25,297445999.0,28819.53,0.0014568797411995682
2023-04-26,17767.3,17827.75,17711.2,17813.6,233008677.0,21295.14,0.002495884744713406
2023-04-27,17813.1,17931.6,17797.9,17915.05,241434660.0,24454.15,0.00569508689989684
2023-04-28,17950.4,18089.15,17885.3,18065.0,290263674.0,27026.12,0.008370057577288481
2023-05-02,18124.8,18180.25,18101.75,18147.65,265216308.0,23615.47,0.004575145308607809
2023-05-03,18113.8,18116.35,18042.4,18089.85,226171254.0,19079.79,-0.003184985383782646
2023-05-04,18081.0,18267.45,18066.7,18255.8,226643581.0,21889.48,0.009173652628407636
2023-05-05,18117.3,18216.95,18055.45,18069.0,239702311.0,26152.88,-0.010232364508813596
2023-05-08,18120.6,18286.95,18100.3,18264.4,228399379.0,22687.94,0.010814101499806439
2023-05-09,18303.4,18344.2,18229.65,18265.95,245368649.0,23478.06,8.486454523559672e-05
2023-05-10,18313.6,18326.75,18211.95,18315.1,220450874.0,21416.41,0.002690799000325539
2023-05-11,18357.8,18389.7,18270.4,18297.0,248932544.0,26440.1,-0.0009882555923800274
2023-05-12,18273.75,18342.75,18194.55,18314.8,241702589.0,22046.04,0.000972837077116484
2023-05-15,18339.3,18458.9,18287.9,18398.85,216088535.0,19329.75,0.004589184703081672
2023-05-16,18432.35,18432.35,18264.35,18286.5,219490491.0,21063.78,-0.006106359908363723
2023-05-17,18300.45,18309.0,18115.35,18181.75,229898510.0,20903.12,-0.005728269488420423
2023-05-18,18287.5,18297.2,18104.85,18129.95,272103515.0,24172.44,-0.0028490106837900653
2023-05-19,18186.15,18218.1,18060.4,18203.4,260898407.0,22105.67,0.004051307367091583
2023-05-22,18201.1,18335.25,18178.85,18314.4,262560942.0,25147.58,0.006097761956557646
2023-05-23,18362.9,18419.75,18324.2,18348.0,270354216.0,28648.15,0.001834621936836589
2023-05-24,18294.8,18392.6,18262.95,18285.4,232621507.0,24273.17,-0.003411816001744006
2023-05-25,18268.9,18338.1,18202.4,18321.15,235915651.0,22411.41,0.001955111728482839
2023-05-26,18368.35,18508.55,18333.15,18499.35,198668359.0,19094.08,0.009726463677225405
2023-05-29,18619.15,18641.2,18581.25,18598.65,265323978.0,19237.57,0.005367756164405879
2023-05-30,18606.65,18662.45,18575.5,18633.85,234391323.0,21660.69,0.0018926104851695325
2023-05-31,18594.2,18603.9,18483.85,18534.4,696495765.0,70755.08,-0.005337061315831004
2023-06-01,18579.4,18580.3,18464.55,18487.75,265630759.0,24056.99,-0.0025169414709945714
2023-06-02,18550.85,18573.7,18478.4,18534.1,270923679.0,23171.88,0.002507065489310456
2023-06-05,18612.0,18640.15,18582.8,18593.85,256111496.0,20369.16,0.003223787505193032
2023-06-06,18600.8,18622.75,18531.6,18599.0,220789926.0,21957.47,0.00027697330031184464
2023-06-07,18665.6,18738.95,18636.0,18726.4,260109671.0,21482.77,0.00684983063605582
2023-06-08,18725.35,18777.9,18615.6,18634.55,286468927.0,22762.3,-0.004904840225564033
2023-06-09,18655.9,18676.65,18555.4,18563.4,221760885.0,20181.42,-0.0038181764518058214
2023-06-12,18595.05,18633.6,18559.75,18601.5,179463966.0,15386.04,0.0020524257409741953
2023-06-13,18631.8,18728.9,18631.8,18716.15,233167883.0,22612.62,0.006163481439668939
2023-06-14,18744.6,18769.7,18690.0,18755.9,261354575.0,19520.08,0.002123834228727528
2023-06-15,18774.45,18794.1,18669.05,18688.1,263004991.0,24820.77,-0.0036148625232594878
2023-06-16,18723.3,18864.7,18710.5,18826.0,272771256.0,28877.67,0.007379027295444818
2023-06-19,18873.3,18881.45,18719.15,18755.45,219815214.0,22699.84,-0.0037474768936576197
2023-06-20,18752.35,18839.7,18660.65,18816.7,211649257.0,19687.08,0.0032657174314665305
2023-06-21,18849.4,18875.9,18794.85,18856.85,217481345.0,19102.48,0.002133742898595248
2023-06-22,18853.6,18886.6,18759.5,18771.25,252697871.0,24990.87,-0.004539464438652163
2023-06-23,18741.85,18756.4,18647.1,18665.5,210562119.0,20619.6,-0.005633615236065759
2023-06-26,18682.35,18722.05,18646.7,18691.2,171271325.0,17355.14,0.001376871768771215
2023-06-27,18748.55,18829.25,18714.25,18817.4,222464605.0,21415.89,0.0067518404382811426
2023-06-28,18908.15,19011.25,18861.35,18972.1,398782019.0,37356.94,0.008221114500408966
2023-06-30,19076.85,19201.7,19024.6,19189.05,247906587.0,26376.62,0.011435212759789426
2023-07-03,19246.5,19345.1,19234.4,19322.55,226050219.0,22681.54,0.0069570927169402275
2023-07-04,19406.6,19434.15,19300.0,19389.0,226916635.0,26634.06,0.0034389870902133968
2023-07-05,19405.95,19421.6,19339.6,19398.5,224418797.0,24699.24,0.0004899685388621844
2023-07-06,19385.7,19512.2,19373.0,19497.3,268261285.0,28540.18,0.0050931773075237885
2023-07-07,19422.8,19523.6,19303.6,19331.8,237102566.0,23089.25,-0.008488354797843822
2023-07-10,19400.35,19435.85,19327.1,19355.9,268246132.0,25991.55,0.0012466505964268126
2023-07-11,19427.1,19515.1,19406.45,19439.4,251263638.0,26883.78,0.0043139301194985435
2023-07-12,19497.45,19507.7,19361.75,19384.3,327941559.0,40163.14,-0.00283444962293089
2023-07-13,19495.2,19567.0,19385.8,19413.75,310442517.0,27244.56,0.0015192707500399916
2023-07-14,19493.45,19595.35,19433.5,19564.5,291165841.0,25484.44,0.007765114931427508
2023-07-17,19612.15,19731.85,19562.95,19711.45,268707894.0,25975.57,0.007511053183061112
2023-07-18,19787.5,19819.45,19690.2,19749.25,286353897.0,33269.08,0.0019176671427012515
2023-07-19,19802.95,19851.7,19727.45,19833.15,259660464.0,26447.9,0.004248262592250418
2023-07-20,19831.7,19991.85,19758.4,19979.15,274698867.0,30622.66,0.007361412584486082
2023-07-21,19800.45,19887.4,19700.0,19745.0,312461795.0,33802.14,-0.011719717805812602
2023-07-24,19748.45,19782.75,19658.3,19672.35,265562151.0,24522.29,-0.003679412509496105
2023-07-25,19729.35,19729.35,19615.95,19680.6,369653496.0,29665.67,0.00041937033450500927
2023-07-26,19733.35,19825.6,19716.7,19778.3,244747425.0,23023.86,0.004964279544322769
2023-07-27,19850.9,19867.55,19603.55,19659.9,334891351.0,35019.13,-0.005986358787155477
2023-07-28,19659.75,19695.9,19563.1,19646.05,258671382.0,22995.98,-0.0007044796769059003
2023-07-31,19666.35,19772.75,19597.6,19753.8,295053318.0,23075.38,0.00548456305465983
2023-08-01,19784.0,19795.6,19704.6,19733.55,298048161.0,24554.71,-0.0010251192175683155
2023-08-02,19655.4,19678.25,19423.55,19526.55,290666798.0,23997.47,-0.010489749690248296
2023-08-03,19463.75,19537.65,19296.45,19381.65,315688612.0,29899.38,-0.0074206657089961325
2023-08-04,19462.8,19538.85,19436.45,19517.0,280799561.0,28086.15,0.006983409565233023
2023-08-07,19576.85,19620.45,19524.8,19597.3,216586074.0,21655.87,0.004114361838397196
2023-08-08,19627.2,19634.4,19533.1,19570.85,260294052.0,25437.47,-0.0013496757206350463
2023-08-09,19578.8,19645.5,19467.5,19632.55,266495074.0,23201.75,0.003152647943242215
2023-08-10,19605.55,19623.6,19495.4,19543.1,312193785.0,29430.34,-0.0045562089489139534
2023-08-11,19554.25,19557.75,19412.75,19428.3,235524048.0,24521.24,-0.005874196007798149
2023-08-14,19383.95,19465.85,19257.9,19434.55,243850815.0,22767.43,0.0003216956707483565
2023-08-16,19369.0,19482.75,19317.2,19465.0,226627230.0,21484.66,0.0015667972759854099
2023-08-17,19450.55,19461.55,19326.25,19365.25,268663456.0,26505.65,-0.005124582584125403
2023-08-18,19301.75,19373.8,19253.6,19310.15,256142364.0,25641.41,-0.0028453027975366973
2023-08-21,19320.65,19425.95,19296.3,19393.6,262589133.0,20738.75,0.004321561458610956
2023-08-22,19417.1,19443.5,19381.3,19396.45,208704354.0,20226.48,0.00014695569672484865
2023-08-23,19439.2,19472.05,19366.6,19444.0,225214991.0,20167.16,0.0024514795233148146
2023-08-24,19535.15,19584.45,19369.0,19386.7,268256859.0,24338.24,-0.0029469245011314316
2023-08-25,19297.4,19339.55,19229.7,19265.8,466518217.0,24998.12,-0.006236234119267436
2023-08-28,19298.35,19366.85,19249.7,19306.05,248178769.0,18237.22,0.0020891943236200916
2023-08-29,19374.85,19377.9,19309.1,19342.65,307388116.0,22501.12,0.0018957787843707496
2023-08-30,19433.45,19452.8,19334.75,19347.45,233004568.0,19877.49,0.00024815627641494586
2023-08-31,19375.55,19388.2,19223.65,19253.8,562557215.0,45699.54,-0.004840431167931758
2023-09-01,19258.15,19458.55,19255.7,19435.3,372502191.0,25962.38,0.009426710571419639
2023-09-04,19525.05,19545.15,19432.85,19528.8,396071122.0,24822.79,0.004810833895026123
2023-09-05,19564.65,19587.05,19525.75,19574.9,303958622.0,24029.89,0.002360616115685721
2023-09-06,19581.2,19636.45,19491.5,19611.05,512974083.0,32500.52,0.0018467527292602703
2023-09-07,19598.65,19737.0,19550.05,19727.05,304929822.0,23591.0,0.00591503259641879
2023-09-08,19774.8,19867.15,19728.05,19819.95,288093693.0,23530.84,0.004709269759036516
2023-09-11,19890.0,20008.15,19865.35,19996.35,248763130.0,21924.34,0.008900123360553236
2023-09-12,20110.15,20110.35,19914.65,19993.2,328064239.0,30110.8,-0.00015752874899654934
2023-09-13,19989.5,20096.9,19944.1,20070.0,251394599.0,24332.36,0.0038413060440549707
2023-09-14,20127.95,20167.65,20043.45,20103.1,275111881.0,21902.65,0.0016492277030393243
2023-09-15,20156.45,20222.45,20129.7,20192.35,438185104.0,42681.35,0.004439613790907959
2023-09-18,20155.95,20195.35,20115.7,20133.3,264870758.0,21135.95,-0.0029243748251194246
2023-09-20,19980.75,20050.65,19878.85,19901.4,378065882.0,37351.58,-0.011518230990448575
2023-09-21,19840.55,19848.75,19709.95,19742.35,275132260.0,26711.83,-0.00799190006733208
2023-09-22,19744.85,19798.65,19657.5,19674.25,246410075.0,24137.57,-0.0034494373770092013
2023-09-25,19678.2,19734.15,19601.55,19674.55,188398392.0,20194.48,1.524835762478638e-05
2023-09-26,19682.8,19699.35,19637.45,19664.7,204869058.0,18118.19,-0.0005006467746402343
2023-09-27,19637.05,19730.7,19554.0,19716.45,203559874.0,19659.17,0.0026316190941126916
2023-09-28,19761.8,19766.65,19492.1,19523.55,352810261.0,30069.78,-0.00978370852765087
2023-09-29,19581.2,19726.25,19551.05,19638.3,243508919.0,20978.72,0.005877517152362177
2023-10-03,19622.4,19623.2,19479.65,19528.75,221719625.0,21459.58,-0.005578385094432758
2023-10-04,19446.3,19457.8,19333.6,19436.1,277148310.0,26017.47,-0.0047442872687705195
2023-10-05,19521.85,19576.95,19487.3,19545.75,234865323.0,22019.04,0.005641563893991064
2023-10-06,19621.2,19675.75,19589.4,19653.5,159051277.0,16096.52,0.0055127073660514725
2023-10-09,19539.45,19588.95,19480.5,19512.35,165094800.0,15499.67,-0.007181926883252476
2023-10-10,19565.6,19717.8,19565.45,19689.85,216559447.0,18735.62,0.009096802794127834
2023-10-11,19767.0,19839.2,19756.95,19811.35,213729730.0,19900.99,0.006170692006287615
2023-10-12,19822.7,19843.3,19772.65,19794.0,217904144.0,20999.94,-0.0008757606119723649
2023-10-13,19654.55,19805.4,19635.3,19751.05,254955979.0,24363.02,-0.0021698494493280762
2023-10-16,19737.25,19781.3,19691.85,19731.75,180964341.0,14746.01,-0.0009771632394226515
2023-10-17,19843.2,19849.75,19775.65,19811.5,185846716.0,16839.87,0.004041709427698992
2023-10-18,19820.45,19840.95,19659.95,19671.1,198942937.0,18581.64,-0.007086793024253635
2023-10-19,19545.2,19681.8,19512.35,19624.7,230312163.0,23582.01,-0.002358790306591807
2023-10-20,19542.15,19593.8,19518.7,19542.65,198341255.0,17944.31,-0.0041809556324428065
2023-10-23,19521.6,19556.85,19257.85,19281.75,176044288.0,16212.9,-0.013350287704072983
2023-10-25,19286.45,19347.3,19074.15,19122.15,225291741.0,19818.32,-0.008277256991714887
2023-10-26,19027.25,19041.7,18837.85,18857.25,300356469.0,28939.64,-0.013853044767455636
2023-10-27,18928.75,19076.15,18926.65,19047.25,205201044.0,19947.48,0.010075700327460302
2023-10-30,19053.4,19158.5,18940.0,19140.9,180132492.0,17095.73,0.004916720261455065
2023-10-31,19232.95,19233.7,19056.45,19079.6,206049341.0,19397.36,-0.0032025662325179116
2023-11-01,19064.05,19096.05,18973.7,18989.15,194103279.0,18452.51,-0.004740665422755086
2023-11-02,19120.0,19175.25,19064.15,19133.25,245595109.0,19771.49,0.007588543984327734
2023-11-03,19241.0,19276.25,19210.9,19230.6,189516123.0,17304.87,0.005088001254360819
2023-11-06,19345.85,19423.0,19309.7,19411.75,180690631.0,16296.56,0.009419882894969644
2023-11-07,19404.05,19423.5,19329.1,19406.7,198660124.0,18288.06,-0.0002601517122361452
2023-11-08,19449.6,19464.4,19401.5,19443.5,194967997.0,17060.45,0.0018962523252279428
2023-11-09,19457.4,19463.9,19378.35,19395.3,208418472.0,19087.29,-0.0024789775503382128
2023-11-10,19351.85,19451.3,19329.45,19425.35,152215785.0,12916.21,0.001549344428804833
2023-11-12,19547.25,19547.25,19510.25,19525.55,37311902.0,2482.27,0.005158208217612481
2023-11-13,19486.75,19494.4,19414.75,19443.55,189275733.0,13527.22,-0.004199625618740543
2023-11-15,19651.4,19693.2,19579.65,19675.45,291464988.0,24957.24,0.011926834348665816
2023-11-16,19674.7,19875.25,19627.0,19765.2,282686669.0,26041.45,0.004561522099875814
2023-11-17,19674.75,19806.0,19667.45,19731.8,236827462.0,21681.28,-0.0016898387064133713
2023-11-20,19731.15,19756.45,19670.5,19694.0,173780543.0,16737.05,-0.001915689394784037
2023-11-21,19770.9,19829.1,19754.05,19783.4,194969012.0,17947.2,0.004539453640702851
2023-11-22,19784.0,19825.55,19703.85,19811.85,184497984.0,17405.48,0.0014380743451578581
2023-11-23,19828.45,19875.15,19786.75,19802.0,170024085.0,15906.94,-0.0004971771944567438
2023-11-24,19809.6,19832.85,19768.85,19794.7,145895044.0,14389.29,-0.00036864963135030404
2023-11-28,19844.65,19916.85,19800.0,19889.7,229595031.0,23043.25,0.004799264449574903
2023-11-29,19976.55,20104.65,19956.3,20096.6,236241768.0,22367.64,0.0104023690653956
2023-11-30,20108.5,20158.7,20015.85,20133.15,486585349.0,48877.95,0.0018187156036346686
2023-12-01,20194.1,20291.55,20183.7,20267.9,265812566.0,22461.53,0.0066929417403636116
2023-12-04,20601.95,20702.65,20507.75,20686.8,381107418.0,33917.52,0.020668150129021567
2023-12-05,20808.9,20864.05,20711.15,20855.1,421008350.0,41763.52,0.00813562271593482
2023-12-06,20950.75,20961.95,20852.15,20937.7,359212958.0,35654.76,0.003960661900446416
2023-12-07,20932.4,20941.25,20850.8,20901.15,274985308.0,24862.43,-0.001745654966877841
2023-12-08,20934.1,21006.1,20862.7,20969.4,292440768.0,27449.96,0.0032653705657343934
2023-12-11,20965.3,21026.1,20923.7,20997.1,212921451.0,21150.17,0.0013209724646388032
2023-12-12,21018.55,21037.9,20867.15,20906.4,244867128.0,25404.64,-0.004319644141333678
2023-12-13,20929.75,20950.0,20769.5,20926.35,260269318.0,25918.44,0.0009542532430260042
2023-12-14,21110.4,21210.9,21074.45,21182.7,334410589.0,32593.42,0.012250105727946048
2023-12-15,21287.45,21492.3,21235.3,21456.65,508761756.0,50114.46,0.012932723401643864
2023-12-18,21434.8,21482.8,21365.35,21418.65,249668965.0,23615.28,-0.0017710127163373945
2023-12-19,21477.65,21505.05,21337.75,21453.1,249750062.0,23750.61,0.0016084113611267714
2023-12-20,21543.5,21593.0,21087.35,21150.15,363886229.0,30993.12,-0.014121502253753415
2023-12-21,21033.95,21288.35,20976.8,21255.05,277548079.0,26001.02,0.00495977569899031
2023-12-22,21295.85,21390.5,21232.45,21349.4,284708918.0,27709.29,0.004438945097753333
2023-12-26,21365.2,21477.15,21329.45,21441.35,219467748.0,20081.33,0.004306912606443225
2023-12-27,21497.65,21675.75,21495.8,21654.75,256542963.0,23059.25,0.009952731521102987
2023-12-28,21715.0,21801.45,21678.0,21778.7,393080755.0,35031.0,0.005723917385331179
2023-12-29,21737.65,21770.3,21676.9,21731.4,270922276.0,23697.88,-0.0021718468044464867
2024-01-01,21727.75,21834.35,21680.85,21741.9,153995217.0,14184.09,0.0004831718158977427
2024-01-02,21751.35,21755.6,21555.65,21665.8,263711568.0,25316.13,-0.003500154080370299
2024-01-03,21661.1,21677.0,21500.35,21517.35,311933117.0,32329.23,-0.0068518125340398806
2024-01-04,21605.8,21685.65,21564.55,21658.6,339172697.0,30868.15,0.006564470067178307
2024-01-05,21705.75,21749.6,21629.2,21710.8,309303266.0,26554.49,0.002410128078453866
2024-01-08,21747.6,21763.95,21492.9,21513.0,231452935.0,21140.94,-0.00911067302909152
2024-01-09,21653.6,21724.45,21517.85,21544.85,228568589.0,24055.74,0.0014805001626922998
2024-01-10,21529.3,21641.85,21448.65,21618.7,216991926.0,20958.96,0.003427733309816494
2024-01-11,21688.0,21726.5,21593.75,21647.2,212453866.0,23492.12,0.0013183031357111297
2024-01-12,21773.55,21928.25,21715.15,21894.55,294678459.0,30565.5,0.01142642004508665
2024-01-15,22053.15,22115.55,21963.55,22097.45,345543523.0,29523.15,0.009267146390311787
2024-01-16,22080.5,22124.15,21969.8,22032.3,292433764.0,24435.94,-0.002948303989826928
2024-01-17,21647.25,21851.5,21550.45,21571.95,455999867.0,47533.44,-0.02089432333437724
2024-01-18,21414.2,21539.4,21285.55,21462.25,387341268.0,39718.84,-0.005085307540579342
2024-01-19,21615.2,21670.6,21575.0,21622.4,343055124.0,34429.24,0.007461938985893868
2024-01-20,21706.15,21720.3,21541.8,21571.8,162073740.0,13917.46,-0.0023401657540329523
2024-01-23,21716.7,21750.25,21192.6,21238.8,449718534.0,48813.68,-0.015436820293160514
2024-01-24,21185.25,21482.35,21137.2,21453.95,407460664.0,41718.64,0.010130045011959243
2024-01-25,21454.6,21459.0,21247.05,21352.6,418143077.0,40088.5,-0.00472407179097567
2024-01-29,21433.1,21763.25,21429.6,21737.6,376702289.0,34516.42,0.01803059112239258
2024-01-30,21775.75,21813.05,21501.8,21522.1,375137333.0,32916.3,-0.00991369792433383
2024-01-31,21487.25,21741.35,21448.85,21725.7,410583065.0,41587.85,0.00946004339725226
2024-02-01,21780.65,21832.95,21658.75,21697.45,332541208.0,34042.15,-0.0013003033273956133
2024-02-02,21812.75,22126.8,21805.55,21853.8,442794738.0,38395.9,0.007205915902559923
2024-02-05,21921.05,21964.3,21726.95,21771.7,440849699.0,33807.94,-0.003756783717248191
2024-02-06,21825.2,21951.4,21737.55,21929.4,370968111.0,32910.82,0.007243348016002349
2024-02-07,22045.05,22053.3,21860.15,21930.5,346263704.0,30088.76,5.0160971116319786e-05
2024-02-08,22009.65,22011.05,21665.3,21717.95,491069786.0,41082.02,-0.009691981486970147
2024-02-09,21727.0,21804.45,21629.9,21782.5,349222850.0,31176.16,0.0029721958103781088
2024-02-12,21800.8,21831.7,21574.75,21616.05,287436165.0,23921.14,-0.007641455296683142
2024-02-13,21664.3,21766.8,21543.35,21743.25,365785766.0,29896.62,0.005884516366311265
2024-02-14,21578.15,21870.85,21530.2,21840.05,359120861.0,32535.0,0.0044519563542708696
2024-02-15,21906.55,21953.85,21794.8,21910.75,345394395.0,29559.69,0.0032371720760713263
2024-02-16,22020.3,22068.65,21968.95,22040.7,343892935.0,30666.89,0.005930878678274354
2024-02-19,22103.45,22186.65,22021.05,22122.25,218252325.0,21375.71,0.0036999732313400813
2024-02-20,22099.2,22215.6,22045.85,22196.95,295705319.0,26872.32,0.0033766908881329716
2024-02-21,22248.85,22249.4,21997.95,22055.05,364545679.0,29741.39,-0.006392770177884866
2024-02-22,22081.55,22252.5,21875.25,22217.45,343495136.0,33985.94,0.007363392964423232
2024-02-23,22290.0,22297.5,22186.1,22212.7,225983194.0,24617.01,-0.0002137959126722322
2024-02-26,22169.2,22202.15,22075.15,22122.05,207775504.0,20850.26,-0.004080998707946426
2024-02-27,22090.2,22218.25,22085.65,22198.35,252199186.0,24620.71,0.0034490474436139618
2024-02-28,22214.1,22229.15,21915.85,21951.15,202952371.0,20579.8,-0.011135962808046407
2024-02-29,21935.2,22060.55,21860.65,21982.8,360165824.0,40196.12,0.0014418378991531977
2024-03-01,22048.3,22353.3,22047.75,22338.75,351503075.0,29646.47,0.016192204814673428
2024-03-02,22406.95,22419.55,22367.05,22378.4,35763814.0,1918.77,0.0017749426445079486
2024-03-04,22403.5,22440.9,22358.3,22405.6,298794435.0,23771.71,0.0012154577628427088
2024-03-05,22371.25,22416.9,22269.15,22356.3,296153036.0,29165.37,-0.0022003427714499812
2024-03-06,22327.5,22497.2,22224.35,22474.05,312262560.0,31029.01,0.005266971726090697
2024-03-07,22505.3,22525.65,22430.0,22493.55,379865142.0,33558.46,0.000867667376374115
2024-03-11,22517.5,22526.6,22307.25,22332.65,277897373.0,27222.37,-0.007153161684127163
2024-03-12,22334.45,22452.55,22256.0,22335.7,299201167.0,29781.12,0.0001365713428544968
2024-03-13,22432.2,22446.75,21905.65,21997.7,493341697.0,40109.23,-0.015132724741109493
2024-03-14,21982.55,22204.6,21917.5,22146.65,426742460.0,37348.3,0.006771162439709544
2024-03-15,22064.85,22120.9,21931.7,22023.35,661460455.0,60260.88,-0.005567433449302883
2024-03-18,21990.1,22123.7,21916.55,22055.7,356321519.0,23015.51,0.0014688955131714199
2024-03-19,21946.45,21978.3,21793.1,21817.45,344157465.0,30291.6,-0.010802196257656771
2024-03-20,21843.9,21930.9,21710.2,21839.1,312414696.0,28939.85,0.0009923249508994036
2024-03-21,21989.9,22080.95,21941.3,22011.95,353172434.0,31258.4,0.007914703444739102
2024-03-22,21932.2,22180.7,21883.3,22096.75,388656439.0,39023.19,0.0038524528721899376
2024-03-26,21947.9,22073.2,21947.55,22004.7,328403719.0,33382.08,-0.004165770984420725
2024-03-27,22053.95,22193.6,22052.85,22123.65,409136866.0,38830.73,0.00540566333556014
2024-03-28,22163.6,22516.0,22163.6,22326.9,407422815.0,45656.57,0.009187001240753778
2024-04-01,22455.0,22529.95,22427.75,22462.0,243637071.0,21420.69,0.00605099677966936
2024-04-02,22458.8,22497.6,22388.15,22453.3,289524237.0,27940.93,-0.0003873208084765878
2024-04-03,22385.7,22521.1,22346.5,22434.65,309647491.0,30793.28,-0.0008306128720498851
2024-04-04,22592.1,22619.0,22303.8,22514.65,400986156.0,40705.56,0.0035659125504521327
2024-04-05,22486.4,22537.6,22427.6,22513.7,242244731.0,24797.82,-4.2194748752555356e-05
2024-04-08,22578.35,22697.3,22550.35,22666.3,227633561.0,22480.2,0.006778095115418603
2024-04-09,22765.1,22768.4,22612.25,22642.75,232356772.0,21651.69,-0.0010389873953843276
2024-04-10,22720.25,22775.7,22673.7,22753.8,276847931.0,25355.05,0.004904439610913025
2024-04-12,22677.4,22726.45,22503.75,22519.4,357187778.0,36456.91,-0.010301576000492085
2024-04-15,22339.05,22427.45,22259.55,22272.5,355465814.0,29474.59,-0.010963880032327733
2024-04-16,22125.3,22213.75,22079.45,22147.9,317267066.0,28661.04,-0.005594342799416285
2024-04-18,22212.35,22326.5,21961.7,21995.85,456906707.0,43314.67,-0.006865210697176827
2024-04-19,21861.5,22179.55,21777.65,22147.0,362530569.0,36073.63,0.006871750807538657
2024-04-22,22336.9,22375.65,22198.15,22336.4,279259571.0,26841.2,0.008551948345148386
2024-04-23,22447.05,22447.55,22349.45,22368.0,231520813.0,25651.64,0.0014147311115488836
2024-04-24,22421.55,22476.45,22384.0,22402.4,235898642.0,21925.6,0.0015379113018598733
2024-04-25,22316.9,22625.95,22305.25,22570.35,475044740.0,53803.8,0.007496964610934409
2024-04-26,22620.4,22620.4,22385.55,22419.95,329887340.0,36984.89,-0.006663609558557937
2024-04-29,22475.55,22655.8,22441.9,22643.4,291957361.0,32431.45,0.009966569952207793
2024-04-30,22679.65,22783.35,22568.4,22604.85,361859375.0,38741.7,-0.0017024828426828176
2024-05-02,22567.85,22710.5,22567.85,22648.2,445909456.0,43133.31,0.001917730044658672
2024-05-03,22766.35,22794.7,22348.05,22475.85,438060727.0,44432.55,-0.007609876281558847
2024-05-06,22561.6,22588.8,22409.45,22442.7,320255789.0,33417.53,-0.0014749164102803025
2024-05-07,22489.75,22499.05,22232.05,22302.5,297815469.0,31512.26,-0.006247020189192987
2024-05-08,22231.2,22368.65,22185.2,22302.5,277438692.0,29717.33,0.0
2024-05-09,22224.8,22307.75,21932.4,21957.5,331327454.0,37870.88,-0.01546911781190452
2024-05-10,21990.95,22131.3,21950.3,22055.2,265804411.0,28717.71,0.0044495047250370234
2024-05-13,22027.95,22131.65,21821.05,22104.05,278186886.0,29036.08,0.0022148971671078765
2024-05-14,22112.9,22270.05,22081.25,22217.85,230238941.0,23741.66,0.005148377785971325
2024-05-15,22255.6,22297.55,22151.75,22200.55,231935478.0,23815.79,-0.000778653200017021
2024-05-16,22319.2,22432.25,22054.55,22403.85,368945092.0,38836.11,0.009157430784372478
2024-05-17,22415.25,22502.15,22345.65,22466.1,242654570.0,27388.67,0.002778540295529597
2024-05-18,22512.85,22520.25,22470.05,22502.0,19064566.0,1572.77,0.0015979631533733496
2024-05-21,22404.55,22591.1,22404.55,22529.05,347591587.0,30782.35,0.0012021153675227936
2024-05-22,22576.6,22629.5,22483.15,22597.8,290345590.0,28556.14,0.003051615580772271
2024-05-23,22614.1,22993.6,22577.45,22967.65,369767547.0,39157.65,0.016366637460283773
2024-05-24,22930.75,23026.4,22908.0,22957.1,261927120.0,27966.99,-0.0004593417262978017
2024-05-27,23038.95,23110.8,22871.2,22932.45,260006078.0,27204.54,-0.001073741892486324
2024-05-28,22977.15,22998.55,22858.5,22888.15,217890750.0,23054.65,-0.0019317604529824894
2024-05-29,22762.75,22825.5,22685.45,22704.7,269932784.0,27549.09,-0.008015064563977492
2024-05-30,22617.45,22705.75,22417.0,22488.65,373374457.0,32991.46,-0.009515650944518117
2024-05-31,22568.1,22653.75,22465.1,22530.7,572122639.0,67040.32,0.0018698321153114428
2024-06-03,23337.9,23338.7,23062.3,23263.9,569425569.0,56418.25,0.03254226455458564
2024-06-04,23179.5,23179.5,21281.45,21884.5,1006105058.0,93786.44,-0.05929358362097503
2024-06-05,22128.35,22670.4,21791.95,22620.35,638487077.0,64326.85,0.03362425460942675
2024-06-06,22798.6,22910.15,22642.6,22821.4,480413289.0,49047.39,0.008888014553267487
2024-06-07,22821.85,23320.2,22789.05,23290.15,473554898.0,47621.54,0.020539931818380985
2024-06-10,23319.15,23411.9,23227.15,23259.2,304392368.0,29060.4,-0.0013288879633664985
2024-06-11,23283.75,23389.45,23206.65,23264.85,305185666.0,29190.91,0.00024291463162962046
2024-06-12,23344.45,23441.95,23295.95,23322.95,295630910.0,31795.48,0.0024973296625596664
2024-06-13,23480.95,23481.05,23353.9,23398.9,268279841.0,30151.67,0.00325644911985834
2024-06-14,23464.95,23490.4,23334.25,23465.6,223086741.0,25746.34,0.002850561351174452
2024-06-18,23570.8,23579.05,23499.7,23557.9,272207297.0,29389.75,0.003933417428064967
2024-06-19,23629.85,23664.0,23412.9,23516.0,328811255.0,39430.39,-0.0017785965642099777
2024-06-20,23586.15,23624.0,23442.6,23567.0,280336970.0,33390.07,0.0021687361796223215
2024-06-21,23661.15,23667.1,23398.2,23501.1,609877803.0,70062.97,-0.0027962829380066
2024-06-24,23382.3,23558.1,23350.0,23537.85,239358460.0,24862.37,0.0015637565901169825
2024-06-25,23577.1,23754.15,23562.05,23721.3,298111025.0,34263.36,0.007793829937738694
2024-06-26,23723.1,23889.9,23670.45,23868.8,287824687.0,33979.62,0.006218040326626317
2024-06-27,23881.55,24087.45,23805.4,24044.5,515227010.0,61216.71,0.007361073870492119
2024-06-28,24085.9,24174.0,23985.8,24010.6,354779832.0,41242.87,-0.0014098858366778932
2024-07-01,23992.95,24164.0,23992.7,24141.95,242468081.0,28204.06,0.005470500528933053
2024-07-02,24228.75,24236.35,24056.4,24123.85,309629240.0,34838.65,-0.0007497323124272537
2024-07-03,24291.75,24309.15,24207.1,24286.5,289201551.0,36661.17,0.006742290306066545
2024-07-04,24369.95,24401.0,24281.0,24302.15,251189844.0,28466.6,0.0006443909167646034
2024-07-05,24213.35,24363.0,24168.85,24323.85,298381204.0,32052.48,0.0008929251115641357
2024-07-08,24329.45,24344.6,24240.55,24320.55,266299131.0,26356.03,-0.00013566931221820067
2024-07-09,24351.0,24443.6,24331.9,24433.2,250537091.0,29361.08,0.004631885380881551
2024-07-10,24459.85,24461.05,24141.8,24324.45,292263786.0,35358.54,-0.004450911055449147
2024-07-11,24396.55,24402.65,24193.75,24315.95,306404194.0,32115.44,-0.00034944263899083783
2024-07-12,24387.95,24592.2,24331.15,24502.15,325823474.0,39565.33,0.007657525204649573
2024-07-15,24587.6,24635.05,24522.75,24586.7,305395934.0,31593.04,0.0034507175900890807
2024-07-16,24615.9,24661.25,24587.65,24613.0,283212233.0,28668.71,0.001069684016155037
2024-07-18,24543.8,24837.75,24504.45,24800.85,350924425.0,40477.17,0.0076321456141064115
2024-07-22,24445.75,24595.2,24362.3,24509.25,324190553.0,32496.23,-0.0008825603626446687
2024-07-23,24568.9,24582.55,24074.2,24479.05,436408768.0,44921.42,-0.0012321878474453873
2024-07-24,24444.95,24504.25,24307.25,24413.5,366616574.0,39538.11,-0.002677799996323338
2024-07-25,24230.95,24426.15,24210.8,24406.1,391821970.0,37853.62,-0.00030311098367707956
2024-07-26,24423.35,24861.15,24410.9,24834.85,383826136.0,42118.36,0.017567329479105664
2024-07-29,24943.3,24999.75,24774.6,24836.1,354966070.0,37102.92,5.0332496471794386e-05
2024-07-30,24839.4,24971.75,24798.65,24857.3,384989431.0,37576.58,0.0008535961765334665
2024-07-31,24886.7,24984.6,24856.5,24951.15,333646302.0,35411.32,0.003775550844218989
2024-08-01,25030.95,25078.3,24956.4,25010.9,431313292.0,38822.9,0.0023946792031630526
2024-08-02,24789.0,24851.9,24686.85,24717.7,345027881.0,35368.54,-0.011722888820474342
2024-08-05,24302.85,24350.05,23893.7,24055.6,486994718.0,45066.65,-0.026786472851438536
2024-08-06,24189.85,24382.6,23960.4,23992.55,312339387.0,31553.65,-0.0026210113237665755
2024-08-07,24289.4,24337.7,24184.9,24297.5,317564429.0,29738.85,0.012710195456506312
2024-08-08,24248.55,24340.5,24079.7,24117.0,311875940.0,30858.18,-0.007428747813561065
2024-08-09,24386.85,24419.75,24311.2,24367.5,215129992.0,22339.19,0.010386864037815746
2024-08-12,24320.05,24472.8,24212.1,24347.0,279925100.0,30311.85,-0.0008412844977941925
2024-08-13,24342.35,24359.95,24116.5,24139.0,239727640.0,25459.58,-0.008543146999630324
2024-08-14,24184.4,24196.5,24099.7,24143.75,303254705.0,27834.61,0.00019677699987563635
2024-08-16,24334.85,24563.9,24204.5,24541.15,271611087.0,28521.9,0.016459746311157097
2024-08-19,24636.35,24638.8,24522.95,24572.65,243645503.0,22124.41,0.001283558431450782
2024-08-20,24648.9,24734.3,24607.2,24698.85,238318940.0,25478.73,0.005135791215029606
2024-08-21,24680.55,24787.95,24654.5,24770.2,257114212.0,27404.63,0.002888798466325504
2024-08-22,24863.4,24867.35,24784.45,24811.5,220345125.0,24227.03,0.0016673260611541618
2024-08-23,24845.4,24858.4,24771.65,24823.15,206800655.0,23134.22,0.0004695403341192783
2024-08-26,24906.1,25043.8,24874.7,25010.6,210266456.0,22166.86,0.007551418736139404
2024-08-27,25024.8,25073.1,24973.65,25017.75,223346636.0,26695.0,0.0002858787873942781
2024-08-28,25030.8,25129.6,24964.65,25052.35,220419448.0,26994.19,0.0013830180571794415
2024-08-29,25035.3,25192.9,24998.5,25151.95,353993900.0,43221.73,0.003975674936682605
2024-08-30,25249.7,25268.35,25199.4,25235.9,638166179.0,89554.91,0.0033377133780880808
2024-09-02,25333.6,25333.65,25235.5,25278.7,222815249.0,28187.71,0.0016959965763059248
2024-09-03,25313.4,25321.7,25235.8,25279.85,212131921.0,27276.14,4.5492845755390476e-05
2024-09-04,25089.95,25216.0,25083.8,25198.7,253788501.0,26293.35,-0.003210066515426213
2024-09-05,25250.5,25275.45,25127.75,25145.1,222242223.0,26272.38,-0.002127093858016571
2024-09-06,25093.7,25168.75,24801.3,24852.15,311671856.0,33001.17,-0.0116503811875871
2024-09-09,24823.4,24957.5,24753.15,24936.4,254367252.0,25180.28,0.003390048748297403
2024-09-10,24999.4,25130.5,24896.8,25041.1,251274802.0,27846.31,0.00419868144559743
2024-09-11,25034.0,25113.7,24885.15,24918.45,279229206.0,29395.73,-0.004897947773859657
2024-09-12,25059.65,25433.35,24941.45,25388.9,380069653.0,41747.91,0.018879585206944993
2024-09-13,25430.45,25430.5,25292.45,25356.5,250781898.0,25530.69,-0.001276148238009589
2024-09-16,25406.65,25445.7,25336.2,25383.75,168694880.0,18705.01,0.0010746751326089488
2024-09-17,25416.9,25441.65,25352.25,25418.55,215956868.0,25280.83,0.0013709558280394774
2024-09-18,25402.4,25482.2,25285.55,25377.55,215727159.0,28832.0,-0.0016129952337957665
2024-09-19,25487.05,25611.95,25376.05,25415.8,314461263.0,34389.27,0.0015072376963103373
2024-09-20,25525.95,25849.25,25426.6,25790.95,533067422.0,68915.27,0.014760503308965278
2024-09-23,25872.55,25956.0,25847.35,25939.05,209187756.0,24825.74,0.005742324342453475
2024-09-24,25921.45,26011.55,25886.85,25940.4,384115033.0,35573.63,5.204508260714391e-05
2024-09-25,25899.45,26032.8,25871.35,26004.15,278540972.0,27868.08,0.0024575565527131804
2024-09-26,26005.4,26250.9,25998.4,26216.05,370895477.0,40838.36,0.0081486993422204
2024-09-27,26248.25,26277.35,26151.4,26178.95,490332370.0,55420.63,-0.0014151636116043198
2024-09-30,26061.3,26134.7,25794.1,25810.85,375370974.0,36028.06,-0.014060915353747983
2024-10-01,25788.45,25907.6,25739.2,25796.9,247423786.0,27473.29,-0.0005404703835788505
2024-10-03,25452.85,25639.45,25230.3,25250.1,423395030.0,45689.5,-0.0211963452973033
2024-10-04,25181.9,25485.05,24966.8,25014.6,374914801.0,42719.71,-0.009326695735858426
2024-10-07,25084.1,25143.0,24694.35,24795.75,374345795.0,40550.24,-0.008748890647861551
2024-10-08,24832.2,25044.0,24756.8,25013.15,333220055.0,33493.36,0.008767631549761568
2024-10-09,25065.8,25234.05,24947.7,24981.95,290562844.0,30877.63,-0.0012473438971101203
2024-10-10,25067.05,25134.05,24979.4,24998.45,261364749.0,28046.45,0.0006604768642959336
2024-10-11,24985.3,25028.65,24920.05,24964.25,210462717.0,21734.97,-0.0013680848212589414
2024-10-14,25023.45,25159.75,25017.5,25127.95,206423311.0,21270.9,0.006557377049180246
2024-10-15,25186.3,25212.05,25008.15,25057.35,257228772.0,29113.88,-0.002809620362982379
2024-10-16,25008.55,25093.4,24908.45,24971.3,226774456.0,24115.83,-0.0034341221238478603
2024-10-17,25027.4,25029.5,24728.9,24749.85,252755662.0,32606.34,-0.008868180671410819
2024-10-18,24664.95,24886.2,24567.65,24854.05,290855392.0,31772.76,0.0042101265260194864
2024-10-21,24956.15,24978.3,24679.6,24781.1,241978957.0,32207.22,-0.0029351353199982277
2024-10-22,24798.65,24882.0,24445.8,24472.1,279484697.0,32801.59,-0.01246918014131737
2024-10-23,24378.15,24604.25,24378.1,24435.5,284556771.0,31928.1,-0.0014955806816742134
2024-10-24,24412.7,24480.65,24341.2,24399.4,216686434.0,27817.66,-0.0014773587608192251
2024-10-25,24418.05,24440.25,24073.9,24180.8,372642214.0,37068.91,-0.00895923670254195
2024-10-28,24251.1,24492.6,24134.9,24339.15,278562235.0,28136.06,0.006548584000529489
2024-10-29,24328.85,24484.5,24140.85,24466.85,332044690.0,35579.48,0.00524669103070563
2024-10-30,24371.45,24498.2,24307.3,24340.85,285196335.0,31068.7,-0.005149825171609779
2024-10-31,24349.85,24372.45,24172.6,24205.35,287007588.0,33403.89,-0.005566773551457738
2024-11-01,24302.75,24368.25,24280.2,24304.35,38811387.0,3348.45,0.004090004895611843
2024-11-04,24315.75,24316.75,23816.15,23995.35,285531635.0,31561.52,-0.012713773460306443
2024-11-05,23916.5,24229.05,23842.75,24213.3,289511197.0,30074.77,0.009083009833155131
2024-11-06,24308.75,24537.6,24204.05,24484.05,351082031.0,34108.84,0.011181871120417242
2024-11-07,24489.6,24503.35,24179.05,24199.35,322185588.0,30971.89,-0.011627978214388546
2024-11-08,24207.7,24276.15,24066.65,24148.2,298725122.0,27670.3,-0.0021136931363857636
2024-11-11,24087.25,24336.8,24004.6,24141.3,273370562.0,26600.28,-0.0002857355827764474
2024-11-12,24225.8,24242.0,23839.15,23883.45,255825829.0,26852.73,-0.010680866399075395
2024-11-13,23822.45,23873.6,23509.6,23559.05,304569316.0,27765.81,-0.013582627300494754
2024-11-14,23542.15,23675.9,23484.15,23532.7,257708474.0,24814.37,-0.0011184661520731165
2024-11-18,23605.3,23606.8,23350.4,23453.8,263311912.0,25257.33,-0.0033527814487925856
2024-11-19,23529.55,23780.65,23464.8,23518.5,297477279.0,30486.78,0.002758614808687776
2024-11-21,23488.45,23507.3,23263.15,23349.9,420332354.0,40900.89,-0.007168824542381436
2024-11-22,23411.8,23956.1,23359.0,23907.25,367562789.0,39257.52,0.02386948123974819
2024-11-25,24253.55,24351.55,24135.45,24221.9,687172787.0,85975.81,0.013161279528176584
2024-11-26,24343.3,24343.3,24125.4,24194.5,230691771.0,24140.67,-0.0011312077087264338
2024-11-27,24204.8,24354.55,24145.65,24274.9,295011445.0,31149.09,0.0033230692926078387
2024-11-28,24274.15,24345.75,23873.35,23914.15,366745300.0,41198.27,-0.014861029293632533
2024-11-29,23927.15,24188.45,23927.15,24131.1,282104071.0,30509.98,0.009072034757664271
2024-12-02,24140.85,24301.7,24008.65,24276.05,220384187.0,23162.75,0.006006771344862161
2024-12-03,24367.5,24481.35,24280.0,24457.15,339470947.0,34228.3,0.0074600274756395635
2024-12-04,24488.75,24573.2,24366.3,24467.45,348003156.0,34639.78,0.00042114473681520437
2024-12-05,24539.15,24857.75,24295.55,24708.4,361469920.0,40471.33,0.009847777353177323
2024-12-06,24729.45,24751.05,24620.5,24677.8,226731303.0,23904.13,-0.0012384452251057443
2024-12-09,24633.9,24705.0,24580.05,24619.0,248139308.0,25099.79,-0.002382708345152307
2024-12-10,24652.65,24677.8,24510.65,24610.05,261048951.0,26093.38,-0.0003635403550104055
2024-12-11,24620.5,24691.75,24583.85,24641.8,187252712.0,21592.23,0.0012901233439184256
2024-12-12,24604.45,24675.25,24527.95,24548.7,266051129.0,28235.17,-0.003778133090926783
2024-12-13,24498.35,24792.3,24180.8,24768.3,310080852.0,30429.73,0.008945483874909899
2024-12-16,24753.4,24781.25,24601.75,24668.25,187551629.0,18608.23,-0.004039437506813126
2024-12-17,24584.8,24624.1,24303.45,24336.0,264881033.0,26765.16,-0.013468730047733413
2024-12-18,24297.95,24394.45,24149.85,24198.85,235346534.0,23315.92,-0.005635683760683796
2024-12-19,23877.15,24004.9,23870.3,23951.7,271128027.0,27815.23,-0.01021329525989867
2024-12-20,23960.7,24065.8,23537.35,23587.5,442714411.0,47084.68,-0.015205601272561098
2024-12-23,23738.2,23869.55,23647.2,23753.45,189758237.0,18243.28,0.00703550609432968
2024-12-24,23769.1,23867.65,23685.15,23727.65,177664746.0,16010.71,-0.0010861580107310864
2024-12-26,23775.8,23854.5,23653.6,23750.2,177681783.0,16695.1,0.000950368030546711
2024-12-27,23801.4,23938.85,23800.6,23813.4,176821521.0,17164.99,0.0026610302229033156
2024-12-30,23796.9,23915.35,23599.3,23644.9,364929453.0,33823.95,-0.0070758480519371725
2024-12-31,23560.6,23689.85,23460.45,23644.8,193627727.0,18646.79,-4.229241823860974e-06
2025-01-01,23637.65,23822.8,23562.8,23742.9,154921938.0,14266.26,0.004148903775883062
2025-01-02,23783.0,24226.7,23751.55,24188.65,283200811.0,32237.25,0.0187740335005413
2025-01-03,24196.4,24196.45,23976.0,24004.75,312279515.0,29411.99,-0.007602739301283967
2025-01-06,24045.8,24089.95,23551.9,23616.05,278061806.0,25853.64,-0.016192628542267662
2025-01-07,23679.9,23795.2,23637.8,23707.9,262337253.0,22485.65,0.003889304096154955
2025-01-08,23746.65,23751.85,23496.15,23688.95,266375381.0,24718.54,-0.0007993116218644181
2025-01-09,23674.75,23689.5,23503.05,23526.5,269239831.0,26793.85,-0.0068576277124988705
2025-01-10,23551.9,23596.6,23344.35,23431.5,261022434.0,25017.6,-0.004037999702463213
2025-01-13,23195.4,23340.95,23047.25,23085.95,316481107.0,26890.37,-0.014747241960608504
2025-01-14,23165.9,23264.95,23134.15,23176.05,311235510.0,31174.05,0.0039028066854513987
2025-01-15,23250.45,23293.65,23146.45,23213.2,228039156.0,21587.78,0.0016029478707546563
2025-01-16,23377.25,23391.65,23272.05,23311.8,299416081.0,29784.82,0.004247583271586697
2025-01-17,23277.1,23292.1,23100.35,23203.2,272945267.0,27040.78,-0.0046585849226571385
2025-01-20,23290.4,23391.1,23170.65,23344.75,301455455.0,27333.97,0.006100451661839701
2025-01-21,23421.65,23426.3,22976.85,23024.65,312871897.0,30106.72,-0.013711862410177855
2025-01-22,23099.15,23169.55,22981.3,23155.35,275951918.0,25462.05,0.005676524941747196
2025-01-23,23128.3,23270.8,23090.65,23205.35,275558357.0,27723.78,0.0021593281898135697
2025-01-24,23183.9,23347.3,23050.0,23092.2,264336332.0,24412.46,-0.004876030742910431
2025-01-27,22940.15,23007.45,22786.9,22829.15,257372790.0,24202.41,-0.01139129229783209
2025-01-28,22960.45,23137.95,22857.65,22957.25,361868609.0,33221.8,0.005611247024089661
2025-01-29,23026.75,23183.35,22976.5,23163.1,251208119.0,22307.38,0.008966666303673154
2025-01-30,23169.5,23322.05,23139.2,23249.5,384687127.0,35252.87,0.003730070672751218
2025-01-31,23296.75,23546.8,23277.4,23508.4,326919177.0,28638.01,0.011135723348889348
2025-02-01,23528.6,23632.45,23318.3,23482.15,287703637.0,25741.04,-0.0011166221435742196
2025-02-03,23319.35,23381.6,23222.0,23361.05,347241171.0,32019.13,-0.0051571086974575575
2025-02-04,23509.9,23762.75,23423.15,23739.25,376742506.0,35974.3,0.016189340804458663
2025-02-05,23801.75,23807.3,23680.45,23696.3,267014345.0,25806.44,-0.0018092399717767327
2025-02-06,23761.95,23773.55,23556.25,23603.35,306978683.0,30885.59,-0.003922553310010457
2025-02-07,23649.5,23694.5,23443.2,23559.95,368092482.0,30042.0,-0.0018387220458111475
2025-02-10,23543.8,23568.6,23316.3,23381.6,225529166.0,21254.72,-0.007570050021328711
2025-02-11,23383.55,23390.05,22986.65,23071.8,267969979.0,27191.96,-0.013249734834228644
2025-02-12,23050.8,23144.7,22798.35,23045.25,279656513.0,26989.94,-0.0011507554677138154
2025-02-13,23055.75,23235.5,22992.2,23031.4,265706855.0,25218.86,-0.0006009915275381195
2025-02-14,23096.45,23133.7,22774.85,22929.25,254479643.0,22049.89,-0.004435249268390229
2025-02-17,22809.9,22974.2,22725.45,22959.5,207393944.0,19809.44,0.0013192755977626813
2025-02-18,22963.65,22992.5,22801.5,22945.3,210616675.0,19431.37,-0.0006184803676038131
2025-02-19,22847.25,23049.95,22814.85,22932.9,206999204.0,19817.93,-0.0005404156842576668
2025-02-20,22821.1,22923.85,22812.75,22913.15,240836647.0,21303.88,-0.0008612081332932675
2025-02-21,22857.2,22921.0,22720.3,22795.9,242753984.0,21994.37,-0.0051171488861200265
2025-02-24,22609.35,22668.05,22518.8,22553.35,214317552.0,20772.95,-0.010640071240881177
2025-02-25,22516.45,22625.3,22513.9,22547.55,250279519.0,24917.83,-0.000257168003866326
2025-02-27,22568.95,22613.3,22508.4,22545.05,289230479.0,29775.64,-0.00011087679149179852
2025-02-28,22433.4,22450.35,22104.85,22124.7,551285287.0,52745.2,-0.01864489100711675
2025-03-03,22194.55,22261.55,22004.7,22119.3,282399735.0,25942.05,-0.00024407110604895976
2025-03-04,21974.45,22105.05,21964.6,22082.65,253260641.0,22979.56,-0.0016569240437083188
2025-03-05,22073.05,22394.9,22067.8,22337.3,305942691.0,26371.61,0.011531677583985545
2025-03-06,22476.35,22556.45,22245.85,22544.7,372083680.0,30550.28,0.009284918051868374
2025-03-07,22508.65,22633.8,22464.75,22552.5,289765795.0,21446.95,0.0003459793210820461
2025-03-10,22521.85,22676.75,22429.05,22460.3,293855491.0,22330.86,-0.004088238554484036
2025-03-11,22345.95,22522.1,22314.7,22497.9,347924102.0,29208.22,0.0016740649056334878
2025-03-12,22536.35,22577.4,22329.55,22470.5,369736725.0,33406.41,-0.0012178914476462799
2025-03-13,22541.5,22558.05,22377.35,22397.2,287535243.0,22855.58,-0.003262054693932037
2025-03-17,22353.15,22577.0,22353.15,22508.75,251102239.0,24122.27,0.004980533280945831
2025-03-18,22662.25,22857.8,22599.2,22834.3,272578844.0,26387.47,0.014463264286110888
2025-03-19,22874.95,22940.7,22807.95,22907.6,323992121.0,26994.95,0.003210083076774728
2025-03-20,23036.6,23216.7,22973.95,23190.65,313729818.0,27573.99,0.012356161273987754
